{
  "project_info": {
    "project_number": "834145642484",
    "firebase_url": "https://kachhya-the-classroom-app.firebaseio.com",
    "project_id": "kachhya-the-classroom-app",
    "storage_bucket": "kachhya-the-classroom-app.appspot.com"
  },
  "client": [
    {
      "client_info": {
        "mobilesdk_app_id": "1:834145642484:android:7832b2b9128947ef",
        "android_client_info": {
          "package_name": "com.example.prati.kachhya"
        }
      },
      "oauth_client": [
        {
          "client_id": "834145642484-g0u70uui54m0hc9al595rhbfk2q6k672.apps.googleusercontent.com",
          "client_type": 1,
          "android_info": {
            "package_name": "com.example.prati.kachhya",
            "certificate_hash": "d8dee3e94dcf8b59644071360925917fc50830f2"
          }
        },
        {
          "client_id": "834145642484-knvh032h9mk24qjncv20o3gpk1ot51qe.apps.googleusercontent.com",
          "client_type": 3
        }
      ],
      "api_key": [
        {
          "current_key": "AIzaSyBENauY4Ypeze12S4UlW7y40N5KGCcp250"
        }
      ],
      "services": {
        "analytics_service": {
          "status": 1
        },
        "appinvite_service": {
          "status": 2,
          "other_platform_oauth_client": [
            {
              "client_id": "834145642484-knvh032h9mk24qjncv20o3gpk1ot51qe.apps.googleusercontent.com",
              "client_type": 3
            }
          ]
        },
        "ads_service": {
          "status": 2
        }
      }
    }
  ],
  "configuration_version": "1"
}